quote_id,quote_type,currency,valuation_date,expiry,tenor,strike,vol,vol_type,underlying_index,settlement_type,option_type,quote_style,is_calibration_target,target_label,source
Q001,european_swaption,USD,2026-06-18,1.0,9.0,0.0450,0.2200,black,SOFR,physical,atm,atm,true,1Yx9Y,assumption
Q002,european_swaption,USD,2026-06-18,2.0,8.0,0.0450,0.2100,black,SOFR,physical,atm,atm,true,2Yx8Y,assumption
Q003,european_swaption,USD,2026-06-18,3.0,7.0,0.0450,0.1950,black,SOFR,physical,atm,atm,true,3Yx7Y,assumption
Q004,european_swaption,USD,2026-06-18,4.0,6.0,0.0450,0.1825,black,SOFR,physical,atm,atm,true,4Yx6Y,assumption
Q005,european_swaption,USD,2026-06-18,5.0,5.0,0.0450,0.1700,black,SOFR,physical,atm,atm,true,5Yx5Y,assumption
Q006,european_swaption,USD,2026-06-18,6.0,4.0,0.0450,0.1575,black,SOFR,physical,atm,atm,true,6Yx4Y,assumption
Q007,european_swaption,USD,2026-06-18,7.0,3.0,0.0450,0.1450,black,SOFR,physical,atm,atm,true,7Yx3Y,assumption
Q008,european_swaption,USD,2026-06-18,8.0,2.0,0.0450,0.1350,black,SOFR,physical,atm,atm,true,8Yx2Y,assumption
Q009,european_swaption,USD,2026-06-18,9.0,1.0,0.0450,0.1250,black,SOFR,physical,atm,atm,true,9Yx1Y,assumption
